{
    "davidson": {
        "class_balance_pos": 0.2557651991614256,
        "class_balance_neg": 0.7442348008385744,
        "pos_labels": 1098,
        "neg_labels": 3195
    },
    "evalita": {
        "class_balance_pos": 0.44905188580954364,
        "class_balance_neg": 0.5509481141904563,
        "pos_labels": 2155,
        "neg_labels": 2644
    },
    "founta_hateful_57k": {
        "class_balance_pos": 0.07180802760624773,
        "class_balance_neg": 0.9281919723937523,
        "pos_labels": 3163,
        "neg_labels": 40885
    },
    "hateval-immigrant": {
        "class_balance_pos": 0.39955555555555555,
        "class_balance_neg": 0.6004444444444444,
        "pos_labels": 1798,
        "neg_labels": 2702
    },
    "hateval-women": {
        "class_balance_pos": 0.4411111111111111,
        "class_balance_neg": 0.5588888888888889,
        "pos_labels": 1985,
        "neg_labels": 2515
    },
    "ibereval": {
        "class_balance_pos": 0.4655488603615405,
        "class_balance_neg": 0.5344511396384595,
        "pos_labels": 1777,
        "neg_labels": 2040
    },
    "waseem-racism": {
        "class_balance_pos": 0.14746860282574567,
        "class_balance_neg": 0.8525313971742543,
        "pos_labels": 1503,
        "neg_labels": 8689
    },
    "waseem-sexism": {
        "class_balance_pos": 0.2213459987454073,
        "class_balance_neg": 0.7786540012545927,
        "pos_labels": 2470,
        "neg_labels": 8689
    }
}